model_family,config_name,optimizer,epochs,best_epoch,train_accuracy,val_accuracy,best_val_accuracy,test_accuracy,loss,params,model_path,summary_path,history_path
mlp,mlp_h0_u8_8_adam_e10,adam,10,7,0.8336666822433472,0.8191666603088379,0.8201666474342346,0.6987000107765198,1.0311768054962158,7850,outputs\models\mlp_h0_u8_8_adam_e10.keras,outputs\summaries\mlp_h0_u8_8_adam_e10_summary.txt,outputs\metrics\mlp_h0_u8_8_adam_e10_history.csv
mlp,mlp_h0_u8_8_adam_e15,adam,15,14,0.8358703851699829,0.8181666731834412,0.8209999799728394,0.6987000107765198,1.029538631439209,7850,outputs\models\mlp_h0_u8_8_adam_e15.keras,outputs\summaries\mlp_h0_u8_8_adam_e15_summary.txt,outputs\metrics\mlp_h0_u8_8_adam_e15_history.csv
mlp,mlp_h0_u8_8_rmsprop_e10,rmsprop,10,10,0.8348888754844666,0.8201666474342346,0.8201666474342346,0.6955999732017517,1.043061375617981,7850,outputs\models\mlp_h0_u8_8_rmsprop_e10.keras,outputs\summaries\mlp_h0_u8_8_rmsprop_e10_summary.txt,outputs\metrics\mlp_h0_u8_8_rmsprop_e10_history.csv
mlp,mlp_h0_u8_8_rmsprop_e15,rmsprop,15,8,0.8368703722953796,0.8190000057220459,0.8209999799728394,0.6959999799728394,1.0422546863555908,7850,outputs\models\mlp_h0_u8_8_rmsprop_e15.keras,outputs\summaries\mlp_h0_u8_8_rmsprop_e15_summary.txt,outputs\metrics\mlp_h0_u8_8_rmsprop_e15_history.csv
mlp,mlp_h0_u32_32_adam_e10,adam,10,8,0.8332592844963074,0.8173333406448364,0.8188333511352539,0.6927000284194946,1.0524011850357056,7850,outputs\models\mlp_h0_u32_32_adam_e10.keras,outputs\summaries\mlp_h0_u32_32_adam_e10_summary.txt,outputs\metrics\mlp_h0_u32_32_adam_e10_history.csv
mlp,mlp_h0_u32_32_adam_e15,adam,15,11,0.8366110920906067,0.8165000081062317,0.8218333125114441,0.6973000168800354,1.0340105295181274,7850,outputs\models\mlp_h0_u32_32_adam_e15.keras,outputs\summaries\mlp_h0_u32_32_adam_e15_summary.txt,outputs\metrics\mlp_h0_u32_32_adam_e15_history.csv
mlp,mlp_h0_u32_32_rmsprop_e10,rmsprop,10,9,0.8337777853012085,0.8171666860580444,0.8215000033378601,0.7009999752044678,1.025496244430542,7850,outputs\models\mlp_h0_u32_32_rmsprop_e10.keras,outputs\summaries\mlp_h0_u32_32_rmsprop_e10_summary.txt,outputs\metrics\mlp_h0_u32_32_rmsprop_e10_history.csv
mlp,mlp_h0_u32_32_rmsprop_e15,rmsprop,15,10,0.8371296525001526,0.8190000057220459,0.8224999904632568,0.6983000040054321,1.04472017288208,7850,outputs\models\mlp_h0_u32_32_rmsprop_e15.keras,outputs\summaries\mlp_h0_u32_32_rmsprop_e15_summary.txt,outputs\metrics\mlp_h0_u32_32_rmsprop_e15_history.csv
mlp,mlp_h0_u64_32_adam_e10,adam,10,10,0.8339999914169312,0.8188333511352539,0.8188333511352539,0.6966999769210815,1.0325145721435547,7850,outputs\models\mlp_h0_u64_32_adam_e10.keras,outputs\summaries\mlp_h0_u64_32_adam_e10_summary.txt,outputs\metrics\mlp_h0_u64_32_adam_e10_history.csv
mlp,mlp_h0_u64_32_adam_e15,adam,15,14,0.8365740776062012,0.8176666498184204,0.8201666474342346,0.6978999972343445,1.0421842336654663,7850,outputs\models\mlp_h0_u64_32_adam_e15.keras,outputs\summaries\mlp_h0_u64_32_adam_e15_summary.txt,outputs\metrics\mlp_h0_u64_32_adam_e15_history.csv
mlp,mlp_h0_u64_32_rmsprop_e10,rmsprop,10,10,0.8342221975326538,0.8195000290870667,0.8195000290870667,0.6970000267028809,1.046604037284851,7850,outputs\models\mlp_h0_u64_32_rmsprop_e10.keras,outputs\summaries\mlp_h0_u64_32_rmsprop_e10_summary.txt,outputs\metrics\mlp_h0_u64_32_rmsprop_e10_history.csv
mlp,mlp_h0_u64_32_rmsprop_e15,rmsprop,15,12,0.8369073867797852,0.8169999718666077,0.8208333253860474,0.6970000267028809,1.0320597887039185,7850,outputs\models\mlp_h0_u64_32_rmsprop_e15.keras,outputs\summaries\mlp_h0_u64_32_rmsprop_e15_summary.txt,outputs\metrics\mlp_h0_u64_32_rmsprop_e15_history.csv
mlp,mlp_h1_u8_8_adam_e10,adam,10,9,0.8347963094711304,0.8286666870117188,0.8288333415985107,0.6815999746322632,1.063738465309143,6370,outputs\models\mlp_h1_u8_8_adam_e10.keras,outputs\summaries\mlp_h1_u8_8_adam_e10_summary.txt,outputs\metrics\mlp_h1_u8_8_adam_e10_history.csv
mlp,mlp_h1_u8_8_adam_e15,adam,15,14,0.8441851735115051,0.8296666741371155,0.8321666717529297,0.6812000274658203,1.0858097076416016,6370,outputs\models\mlp_h1_u8_8_adam_e15.keras,outputs\summaries\mlp_h1_u8_8_adam_e15_summary.txt,outputs\metrics\mlp_h1_u8_8_adam_e15_history.csv
mlp,mlp_h1_u8_8_rmsprop_e10,rmsprop,10,10,0.8252778053283691,0.8163333535194397,0.8163333535194397,0.6776999831199646,1.0786505937576294,6370,outputs\models\mlp_h1_u8_8_rmsprop_e10.keras,outputs\summaries\mlp_h1_u8_8_rmsprop_e10_summary.txt,outputs\metrics\mlp_h1_u8_8_rmsprop_e10_history.csv
mlp,mlp_h1_u8_8_rmsprop_e15,rmsprop,15,14,0.8355925679206848,0.8218333125114441,0.8221666812896729,0.6854000091552734,1.027978539466858,6370,outputs\models\mlp_h1_u8_8_rmsprop_e15.keras,outputs\summaries\mlp_h1_u8_8_rmsprop_e15_summary.txt,outputs\metrics\mlp_h1_u8_8_rmsprop_e15_history.csv
mlp,mlp_h1_u32_32_adam_e10,adam,10,10,0.9363889098167419,0.9163333177566528,0.9163333177566528,0.8287000060081482,0.5950104594230652,25450,outputs\models\mlp_h1_u32_32_adam_e10.keras,outputs\summaries\mlp_h1_u32_32_adam_e10_summary.txt,outputs\metrics\mlp_h1_u32_32_adam_e10_history.csv
mlp,mlp_h1_u32_32_adam_e15,adam,15,13,0.9483147859573364,0.9213333129882812,0.9233333468437195,0.8370000123977661,0.5914579629898071,25450,outputs\models\mlp_h1_u32_32_adam_e15.keras,outputs\summaries\mlp_h1_u32_32_adam_e15_summary.txt,outputs\metrics\mlp_h1_u32_32_adam_e15_history.csv
mlp,mlp_h1_u32_32_rmsprop_e10,rmsprop,10,10,0.9369074106216431,0.9129999876022339,0.9129999876022339,0.8270000219345093,0.6067671179771423,25450,outputs\models\mlp_h1_u32_32_rmsprop_e10.keras,outputs\summaries\mlp_h1_u32_32_rmsprop_e10_summary.txt,outputs\metrics\mlp_h1_u32_32_rmsprop_e10_history.csv
mlp,mlp_h1_u32_32_rmsprop_e15,rmsprop,15,10,0.9465740919113159,0.9161666631698608,0.9176666736602783,0.8337000012397766,0.6182505488395691,25450,outputs\models\mlp_h1_u32_32_rmsprop_e15.keras,outputs\summaries\mlp_h1_u32_32_rmsprop_e15_summary.txt,outputs\metrics\mlp_h1_u32_32_rmsprop_e15_history.csv
mlp,mlp_h1_u64_32_adam_e10,adam,10,9,0.9676851630210876,0.9359999895095825,0.9363333582878113,0.8580999970436096,0.5154877305030823,50890,outputs\models\mlp_h1_u64_32_adam_e10.keras,outputs\summaries\mlp_h1_u64_32_adam_e10_summary.txt,outputs\metrics\mlp_h1_u64_32_adam_e10_history.csv
mlp,mlp_h1_u64_32_adam_e15,adam,15,13,0.9805370569229126,0.9383333325386047,0.9419999718666077,0.8679999709129333,0.5257824659347534,50890,outputs\models\mlp_h1_u64_32_adam_e15.keras,outputs\summaries\mlp_h1_u64_32_adam_e15_summary.txt,outputs\metrics\mlp_h1_u64_32_adam_e15_history.csv
mlp,mlp_h1_u64_32_rmsprop_e10,rmsprop,10,9,0.9670740962028503,0.9393333196640015,0.9396666884422302,0.8683000206947327,0.4855443239212036,50890,outputs\models\mlp_h1_u64_32_rmsprop_e10.keras,outputs\summaries\mlp_h1_u64_32_rmsprop_e10_summary.txt,outputs\metrics\mlp_h1_u64_32_rmsprop_e10_history.csv
mlp,mlp_h1_u64_32_rmsprop_e15,rmsprop,15,14,0.9782222509384155,0.9413333535194397,0.9431666731834412,0.8672000169754028,0.5432019233703613,50890,outputs\models\mlp_h1_u64_32_rmsprop_e15.keras,outputs\summaries\mlp_h1_u64_32_rmsprop_e15_summary.txt,outputs\metrics\mlp_h1_u64_32_rmsprop_e15_history.csv
mlp,mlp_h2_u8_8_adam_e10,adam,10,10,0.8450925946235657,0.8356666564941406,0.8356666564941406,0.6942999958992004,1.0107861757278442,6442,outputs\models\mlp_h2_u8_8_adam_e10.keras,outputs\summaries\mlp_h2_u8_8_adam_e10_summary.txt,outputs\metrics\mlp_h2_u8_8_adam_e10_history.csv
mlp,mlp_h2_u8_8_adam_e15,adam,15,15,0.8474259376525879,0.8339999914169312,0.8339999914169312,0.7002000212669373,0.9975544810295105,6442,outputs\models\mlp_h2_u8_8_adam_e15.keras,outputs\summaries\mlp_h2_u8_8_adam_e15_summary.txt,outputs\metrics\mlp_h2_u8_8_adam_e15_history.csv
mlp,mlp_h2_u8_8_rmsprop_e10,rmsprop,10,10,0.8227592706680298,0.815666675567627,0.815666675567627,0.6640999913215637,1.047337293624878,6442,outputs\models\mlp_h2_u8_8_rmsprop_e10.keras,outputs\summaries\mlp_h2_u8_8_rmsprop_e10_summary.txt,outputs\metrics\mlp_h2_u8_8_rmsprop_e10_history.csv
mlp,mlp_h2_u8_8_rmsprop_e15,rmsprop,15,13,0.8396852016448975,0.8261666893959045,0.828166663646698,0.6894999742507935,1.0507018566131592,6442,outputs\models\mlp_h2_u8_8_rmsprop_e15.keras,outputs\summaries\mlp_h2_u8_8_rmsprop_e15_summary.txt,outputs\metrics\mlp_h2_u8_8_rmsprop_e15_history.csv
mlp,mlp_h2_u32_32_adam_e10,adam,10,7,0.9463333487510681,0.9160000085830688,0.918833315372467,0.819599986076355,0.6434157490730286,26506,outputs\models\mlp_h2_u32_32_adam_e10.keras,outputs\summaries\mlp_h2_u32_32_adam_e10_summary.txt,outputs\metrics\mlp_h2_u32_32_adam_e10_history.csv
mlp,mlp_h2_u32_32_adam_e15,adam,15,15,0.9558148384094238,0.9238333106040955,0.9238333106040955,0.8353000283241272,0.6259312629699707,26506,outputs\models\mlp_h2_u32_32_adam_e15.keras,outputs\summaries\mlp_h2_u32_32_adam_e15_summary.txt,outputs\metrics\mlp_h2_u32_32_adam_e15_history.csv
mlp,mlp_h2_u32_32_rmsprop_e10,rmsprop,10,9,0.9398888945579529,0.9175000190734863,0.9181666374206543,0.8259999752044678,0.616417407989502,26506,outputs\models\mlp_h2_u32_32_rmsprop_e10.keras,outputs\summaries\mlp_h2_u32_32_rmsprop_e10_summary.txt,outputs\metrics\mlp_h2_u32_32_rmsprop_e10_history.csv
mlp,mlp_h2_u32_32_rmsprop_e15,rmsprop,15,15,0.9546296000480652,0.9258333444595337,0.9258333444595337,0.8353000283241272,0.6331079602241516,26506,outputs\models\mlp_h2_u32_32_rmsprop_e15.keras,outputs\summaries\mlp_h2_u32_32_rmsprop_e15_summary.txt,outputs\metrics\mlp_h2_u32_32_rmsprop_e15_history.csv
mlp,mlp_h2_u64_32_adam_e10,adam,10,8,0.9688518643379211,0.934499979019165,0.937333345413208,0.8600999712944031,0.5396978259086609,52650,outputs\models\mlp_h2_u64_32_adam_e10.keras,outputs\summaries\mlp_h2_u64_32_adam_e10_summary.txt,outputs\metrics\mlp_h2_u64_32_adam_e10_history.csv
mlp,mlp_h2_u64_32_adam_e15,adam,15,10,0.9832037091255188,0.9366666674613953,0.9421666860580444,0.8629999756813049,0.6074303388595581,52650,outputs\models\mlp_h2_u64_32_adam_e15.keras,outputs\summaries\mlp_h2_u64_32_adam_e15_summary.txt,outputs\metrics\mlp_h2_u64_32_adam_e15_history.csv
mlp,mlp_h2_u64_32_rmsprop_e10,rmsprop,10,7,0.9698518514633179,0.9358333349227905,0.9366666674613953,0.8586000204086304,0.5515415072441101,52650,outputs\models\mlp_h2_u64_32_rmsprop_e10.keras,outputs\summaries\mlp_h2_u64_32_rmsprop_e10_summary.txt,outputs\metrics\mlp_h2_u64_32_rmsprop_e10_history.csv
mlp,mlp_h2_u64_32_rmsprop_e15,rmsprop,15,14,0.9812222123146057,0.940500020980835,0.9448333382606506,0.8618000149726868,0.6277545094490051,52650,outputs\models\mlp_h2_u64_32_rmsprop_e15.keras,outputs\summaries\mlp_h2_u64_32_rmsprop_e15_summary.txt,outputs\metrics\mlp_h2_u64_32_rmsprop_e15_history.csv
mlp,mlp_h3_u8_8_adam_e10,adam,10,10,0.8338888883590698,0.8316666483879089,0.8316666483879089,0.6845999956130981,1.0339456796646118,6514,outputs\models\mlp_h3_u8_8_adam_e10.keras,outputs\summaries\mlp_h3_u8_8_adam_e10_summary.txt,outputs\metrics\mlp_h3_u8_8_adam_e10_history.csv
mlp,mlp_h3_u8_8_adam_e15,adam,15,13,0.8479999899864197,0.8320000171661377,0.8356666564941406,0.6965000033378601,1.0066710710525513,6514,outputs\models\mlp_h3_u8_8_adam_e15.keras,outputs\summaries\mlp_h3_u8_8_adam_e15_summary.txt,outputs\metrics\mlp_h3_u8_8_adam_e15_history.csv
mlp,mlp_h3_u8_8_rmsprop_e10,rmsprop,10,9,0.8441110849380493,0.8335000276565552,0.8373333215713501,0.6962000131607056,1.056458592414856,6514,outputs\models\mlp_h3_u8_8_rmsprop_e10.keras,outputs\summaries\mlp_h3_u8_8_rmsprop_e10_summary.txt,outputs\metrics\mlp_h3_u8_8_rmsprop_e10_history.csv
mlp,mlp_h3_u8_8_rmsprop_e15,rmsprop,15,13,0.8487963080406189,0.8348333239555359,0.8360000252723694,0.690500020980835,1.0282691717147827,6514,outputs\models\mlp_h3_u8_8_rmsprop_e15.keras,outputs\summaries\mlp_h3_u8_8_rmsprop_e15_summary.txt,outputs\metrics\mlp_h3_u8_8_rmsprop_e15_history.csv
mlp,mlp_h3_u32_32_adam_e10,adam,10,7,0.9485555291175842,0.918833315372467,0.921999990940094,0.8327000141143799,0.6299134492874146,27562,outputs\models\mlp_h3_u32_32_adam_e10.keras,outputs\summaries\mlp_h3_u32_32_adam_e10_summary.txt,outputs\metrics\mlp_h3_u32_32_adam_e10_history.csv
mlp,mlp_h3_u32_32_adam_e15,adam,15,15,0.9612036943435669,0.9283333420753479,0.9283333420753479,0.8389999866485596,0.6269856691360474,27562,outputs\models\mlp_h3_u32_32_adam_e15.keras,outputs\summaries\mlp_h3_u32_32_adam_e15_summary.txt,outputs\metrics\mlp_h3_u32_32_adam_e15_history.csv
mlp,mlp_h3_u32_32_rmsprop_e10,rmsprop,10,9,0.9436481595039368,0.9175000190734863,0.9198333621025085,0.8324999809265137,0.607291579246521,27562,outputs\models\mlp_h3_u32_32_rmsprop_e10.keras,outputs\summaries\mlp_h3_u32_32_rmsprop_e10_summary.txt,outputs\metrics\mlp_h3_u32_32_rmsprop_e10_history.csv
mlp,mlp_h3_u32_32_rmsprop_e15,rmsprop,15,15,0.9554444551467896,0.9256666898727417,0.9256666898727417,0.8406000137329102,0.6361579298973083,27562,outputs\models\mlp_h3_u32_32_rmsprop_e15.keras,outputs\summaries\mlp_h3_u32_32_rmsprop_e15_summary.txt,outputs\metrics\mlp_h3_u32_32_rmsprop_e15_history.csv
mlp,mlp_h3_u64_32_adam_e10,adam,10,9,0.9708518385887146,0.9321666955947876,0.9409999847412109,0.857200026512146,0.6082978844642639,53706,outputs\models\mlp_h3_u64_32_adam_e10.keras,outputs\summaries\mlp_h3_u64_32_adam_e10_summary.txt,outputs\metrics\mlp_h3_u64_32_adam_e10_history.csv
mlp,mlp_h3_u64_32_adam_e15,adam,15,11,0.9857222437858582,0.9391666650772095,0.940500020980835,0.8693000078201294,0.6030229926109314,53706,outputs\models\mlp_h3_u64_32_adam_e15.keras,outputs\summaries\mlp_h3_u64_32_adam_e15_summary.txt,outputs\metrics\mlp_h3_u64_32_adam_e15_history.csv
mlp,mlp_h3_u64_32_rmsprop_e10,rmsprop,10,10,0.9698148369789124,0.9398333430290222,0.9398333430290222,0.866599977016449,0.5439468026161194,53706,outputs\models\mlp_h3_u64_32_rmsprop_e10.keras,outputs\summaries\mlp_h3_u64_32_rmsprop_e10_summary.txt,outputs\metrics\mlp_h3_u64_32_rmsprop_e10_history.csv
mlp,mlp_h3_u64_32_rmsprop_e15,rmsprop,15,13,0.9818333387374878,0.9424999952316284,0.9440000057220459,0.8697999715805054,0.6309884786605835,53706,outputs\models\mlp_h3_u64_32_rmsprop_e15.keras,outputs\summaries\mlp_h3_u64_32_rmsprop_e15_summary.txt,outputs\metrics\mlp_h3_u64_32_rmsprop_e15_history.csv
